{
  "project_info": {
    "project_number": "495374766806",
    "firebase_url": "https://dining500-merchant.firebaseio.com",
    "project_id": "dining500-merchant",
    "storage_bucket": "dining500-merchant.appspot.com"
  },
  "client": [
    {
      "client_info": {
        "mobilesdk_app_id": "1:495374766806:android:3a84efe6b4d408a3",
        "android_client_info": {
          "package_name": "com.dining500.merchant"
        }
      },
      "oauth_client": [
        {
          "client_id": "495374766806-gr7c4hch9fnc62fgnh66eh0d6ambapu2.apps.googleusercontent.com",
          "client_type": 3
        }
      ],
      "api_key": [
        {
          "current_key": "AIzaSyAtKKhQQA5-sI5fDrAmXscLJztyR5Z2-M4"
        }
      ],
      "services": {
        "appinvite_service": {
          "other_platform_oauth_client": [
            {
              "client_id": "495374766806-gr7c4hch9fnc62fgnh66eh0d6ambapu2.apps.googleusercontent.com",
              "client_type": 3
            }
          ]
        }
      }
    }
  ],
  "configuration_version": "1"
}